name,date,opp,mp,fanduel_pts
LeBron James,2013-12-03,DET,2218,38
LeBron James,2013-12-01,CHA,2296,39
LeBron James,2013-11-29,TOR,2187,39.7
LeBron James,2013-11-27,CLE,2226,54.6
LeBron James,2013-11-25,PHO,2001,47
LeBron James,2013-11-23,ORL,2255,46.3
LeBron James,2013-11-20,ORL,1745,38.7
LeBron James,2013-11-19,ATL,1842,26.7
LeBron James,2013-11-16,CHA,1915,46.3
LeBron James,2013-11-15,DAL,2218,48.2
LeBron James,2013-11-12,MIL,1798,36.6
LeBron James,2013-11-09,BOS,2192,44.6
LeBron James,2013-11-07,LAC,2229,31
LeBron James,2013-11-05,TOR,2161,57.6
LeBron James,2013-11-03,WAS,2081,32.1
Chris Paul,2013-12-04,ATL,2212,44.1
Chris Paul,2013-12-01,IND,2040,36.6
Chris Paul,2013-11-27,NYK,1575,33.5
Chris Paul,2013-11-24,CHI,1632,47.7
Chris Paul,2013-11-23,SAC,2275,42.7
Chris Paul,2013-11-21,OKC,2117,38
Chris Paul,2013-11-20,MIN,2116,48.7
Chris Paul,2013-11-18,MEM,2127,43.3
Chris Paul,2013-11-16,BRK,2068,44.9
Chris Paul,2013-11-13,OKC,2452,52.4
Chris Paul,2013-11-11,MIN,2076,44.3
Chris Paul,2013-11-09,HOU,2230,40.5
Chris Paul,2013-11-07,MIA,2246,34
Chris Paul,2013-11-06,ORL,2119,39
Chris Paul,2013-11-04,HOU,1997,54.1
Carmelo Anthony,2013-12-01,NOP,2627,40.5
Carmelo Anthony,2013-11-29,DEN,2415,38.4
Carmelo Anthony,2013-11-27,LAC,2432,38.3
Carmelo Anthony,2013-11-25,POR,2566,58.5
Carmelo Anthony,2013-11-23,WAS,2448,39.4
Carmelo Anthony,2013-11-20,IND,2509,56.1
Carmelo Anthony,2013-11-19,DET,2235,31.9
Carmelo Anthony,2013-11-16,ATL,2024,41.4
Carmelo Anthony,2013-11-14,HOU,2629,62
Carmelo Anthony,2013-11-13,ATL,2402,32.8
Carmelo Anthony,2013-11-10,SAS,2083,28.1
Carmelo Anthony,2013-11-08,CHA,2355,47.6
Carmelo Anthony,2013-11-05,CHA,2677,43
Carmelo Anthony,2013-11-03,MIN,2644,41.9
Carmelo Anthony,2013-10-31,CHI,2521,50.2
Blake Griffin,2013-12-04,ATL,2194,40.4
Blake Griffin,2013-12-01,IND,2192,30.4
Blake Griffin,2013-11-29,SAC,2337,32.9
Blake Griffin,2013-11-27,NYK,2144,32.6
Blake Griffin,2013-11-24,CHI,1638,38.4
Blake Griffin,2013-11-23,SAC,2414,30
Blake Griffin,2013-11-21,OKC,2199,47.5
Blake Griffin,2013-11-20,MIN,2299,41
Blake Griffin,2013-11-18,MEM,1998,42.7
Blake Griffin,2013-11-16,BRK,2399,46.4
Blake Griffin,2013-11-13,OKC,2279,47.9
Blake Griffin,2013-11-11,MIN,2358,44.5
Blake Griffin,2013-11-09,HOU,2041,32.4
Blake Griffin,2013-11-07,MIA,2298,45.8
Blake Griffin,2013-11-06,ORL,2403,46.6
Luol Deng,2013-12-02,NOP,3338,50.1
Luol Deng,2013-11-30,CLE,2336,45.3
Luol Deng,2013-11-27,DET,2447,47.7
Luol Deng,2013-11-25,UTA,2684,37
Luol Deng,2013-11-24,LAC,1948,32.4
Luol Deng,2013-11-22,POR,2573,30.8
Luol Deng,2013-11-21,DEN,1954,22.6
Luol Deng,2013-11-18,CHA,2346,34.1
Luol Deng,2013-11-16,IND,1947,35.4
Luol Deng,2013-11-15,TOR,2263,31.3
Luol Deng,2013-11-11,CLE,2196,23.5
Luol Deng,2013-11-08,UTA,2288,50.7
Luol Deng,2013-11-06,IND,2163,23.1
Luol Deng,2013-11-02,PHI,2201,37.4
Luol Deng,2013-10-31,NYK,2389,29.6
Dwyane Wade,2013-12-01,CHA,2098,27.6
Dwyane Wade,2013-11-29,TOR,2068,42.4
Dwyane Wade,2013-11-27,CLE,2156,29.3
Dwyane Wade,2013-11-25,PHO,1984,43.2
Dwyane Wade,2013-11-23,ORL,2051,38.8
Dwyane Wade,2013-11-16,CHA,1378,8.9
Dwyane Wade,2013-11-15,DAL,2169,51
Dwyane Wade,2013-11-12,MIL,1832,25.9
Dwyane Wade,2013-11-09,BOS,2028,35.1
Dwyane Wade,2013-11-07,LAC,2034,45.3
Dwyane Wade,2013-11-05,TOR,2011,36.7
Dwyane Wade,2013-11-03,WAS,2092,36.5
Dwyane Wade,2013-11-01,BRK,2255,34
Dwyane Wade,2013-10-29,CHI,2167,23.3
Dwyane Wade,NULL,NULL,NULL,NULL
Marc Gasol,2013-11-22,SAS,590,7.9
Marc Gasol,2013-11-20,GSW,2316,44.2
Marc Gasol,2013-11-18,LAC,2452,46.8
Marc Gasol,2013-11-17,SAC,2363,39.1
Marc Gasol,2013-11-15,LAL,2491,50.6
Marc Gasol,2013-11-13,TOR,1988,36
Marc Gasol,2013-11-11,IND,1773,30.7
Marc Gasol,2013-11-09,GSW,2496,38.9
Marc Gasol,2013-11-06,NOP,1841,19.2
Marc Gasol,2013-11-04,BOS,2103,25.6
Marc Gasol,2013-11-02,DAL,2139,29.5
Marc Gasol,2013-11-01,DET,2221,36.1
Marc Gasol,2013-10-30,SAS,2041,27.8
Marc Gasol,NULL,NULL,NULL,NULL
Marc Gasol,NULL,NULL,NULL,NULL
Mike Conley,2013-12-03,PHO,2212,39.4
Mike Conley,2013-11-30,BRK,2080,32.2
Mike Conley,2013-11-27,BOS,1975,32.7
Mike Conley,2013-11-25,HOU,2022,29.4
Mike Conley,2013-11-22,SAS,2277,38.2
Mike Conley,2013-11-20,GSW,2329,34.2
Mike Conley,2013-11-18,LAC,1759,23.9
Mike Conley,2013-11-17,SAC,2296,35.7
Mike Conley,2013-11-15,LAL,2041,25.9
Mike Conley,2013-11-13,TOR,2115,39.5
Mike Conley,2013-11-11,IND,1766,17
Mike Conley,2013-11-09,GSW,1520,35.6
Mike Conley,2013-11-06,NOP,2021,29.7
Mike Conley,2013-11-04,BOS,1953,27.4
Mike Conley,2013-11-02,DAL,2282,47.8
DeAndre Jordan,2013-12-04,ATL,1827,18.6
DeAndre Jordan,2013-12-01,IND,2119,36.4
DeAndre Jordan,2013-11-29,SAC,2414,48
DeAndre Jordan,2013-11-27,NYK,2109,29.1
DeAndre Jordan,2013-11-24,CHI,1580,13.4
DeAndre Jordan,2013-11-23,SAC,2266,37.4
DeAndre Jordan,2013-11-21,OKC,1919,20.9
DeAndre Jordan,2013-11-20,MIN,1645,16.4
DeAndre Jordan,2013-11-18,MEM,2535,33.7
DeAndre Jordan,2013-11-16,BRK,2111,36.2
DeAndre Jordan,2013-11-13,OKC,1929,30.8
DeAndre Jordan,2013-11-11,MIN,2158,29.2
DeAndre Jordan,2013-11-09,HOU,2149,47.6
DeAndre Jordan,2013-11-07,MIA,2522,33.3
DeAndre Jordan,2013-11-06,ORL,2611,40.8
Derrick Rose,2013-11-22,POR,1651,30.5
Derrick Rose,2013-11-21,DEN,1985,27.8
Derrick Rose,2013-11-18,CHA,1836,22.1
Derrick Rose,2013-11-16,IND,1859,31.6
Derrick Rose,2013-11-11,CLE,2040,30.1
Derrick Rose,2013-11-08,UTA,1624,21.9
Derrick Rose,2013-11-06,IND,1648,17.2
Derrick Rose,2013-11-02,PHI,1948,18.8
Derrick Rose,2013-10-31,NYK,2023,25.7
Derrick Rose,2013-10-29,MIA,2061,14.2
Derrick Rose,NULL,NULL,NULL,NULL
Derrick Rose,NULL,NULL,NULL,NULL
Derrick Rose,NULL,NULL,NULL,NULL
Derrick Rose,NULL,NULL,NULL,NULL
Derrick Rose,NULL,NULL,NULL,NULL
Zach Randolph,2013-11-27,BOS,2112,24.4
Zach Randolph,2013-11-25,HOU,2091,19.2
Zach Randolph,2013-11-22,SAS,2375,30.5
Zach Randolph,2013-11-20,GSW,2768,38.9
Zach Randolph,2013-11-18,LAC,2184,51
Zach Randolph,2013-11-17,SAC,2030,34
Zach Randolph,2013-11-15,LAL,2144,43.2
Zach Randolph,2013-11-13,TOR,1815,24
Zach Randolph,2013-11-11,IND,1623,18.7
Zach Randolph,2013-11-09,GSW,2082,38.7
Zach Randolph,2013-11-06,NOP,473,1.5
Zach Randolph,2013-11-04,BOS,1920,19.9
Zach Randolph,2013-11-02,DAL,2082,40.8
Zach Randolph,2013-11-01,DET,2169,31
Zach Randolph,2013-10-30,SAS,1544,12.9
Brook Lopez,2013-12-03,DEN,1274,18.9
Brook Lopez,2013-11-30,MEM,1876,30.3
Brook Lopez,2013-11-29,HOU,1285,21.2
Brook Lopez,2013-11-15,PHO,2163,37.4
Brook Lopez,2013-11-13,SAC,1599,35.8
Brook Lopez,2013-11-09,IND,1926,26.4
Brook Lopez,2013-11-08,WAS,2231,30
Brook Lopez,2013-11-05,UTA,1500,43.4
Brook Lopez,2013-11-03,ORL,1974,39.2
Brook Lopez,2013-11-01,MIA,1219,23.2
Brook Lopez,2013-10-30,CLE,2017,35.5
Brook Lopez,NULL,NULL,NULL,NULL
Brook Lopez,NULL,NULL,NULL,NULL
Brook Lopez,NULL,NULL,NULL,NULL
Brook Lopez,NULL,NULL,NULL,NULL
Deron Williams,2013-11-20,CHA,800,6.2
Deron Williams,2013-11-15,PHO,280,3.2
Deron Williams,2013-11-13,SAC,2106,25.9
Deron Williams,2013-11-09,IND,1964,32
Deron Williams,2013-11-08,WAS,1844,16.1
Deron Williams,2013-11-05,UTA,1464,25.2
Deron Williams,2013-11-03,ORL,1618,19.7
Deron Williams,2013-11-01,MIA,1629,23.8
Deron Williams,2013-10-30,CLE,1304,22.1
Deron Williams,NULL,NULL,NULL,NULL
Deron Williams,NULL,NULL,NULL,NULL
Deron Williams,NULL,NULL,NULL,NULL
Deron Williams,NULL,NULL,NULL,NULL
Deron Williams,NULL,NULL,NULL,NULL
Deron Williams,NULL,NULL,NULL,NULL
Carlos Boozer,2013-12-02,NOP,1588,17.7
Carlos Boozer,2013-11-30,CLE,1781,24.9
Carlos Boozer,2013-11-27,DET,1613,16.9
Carlos Boozer,2013-11-25,UTA,2485,46.7
Carlos Boozer,2013-11-24,LAC,1524,21.7
Carlos Boozer,2013-11-22,POR,1473,20.4
Carlos Boozer,2013-11-21,DEN,1818,30
Carlos Boozer,2013-11-18,CHA,2018,29.9
Carlos Boozer,2013-11-16,IND,1576,20.7
Carlos Boozer,2013-11-15,TOR,1750,29.6
Carlos Boozer,2013-11-11,CLE,2030,35.4
Carlos Boozer,2013-11-08,UTA,1439,33
Carlos Boozer,2013-11-06,IND,1845,17.3
Carlos Boozer,2013-11-02,PHI,1917,37
Carlos Boozer,2013-10-31,NYK,1961,25.9
Joakim Noah,2013-12-02,NOP,3021,36
Joakim Noah,2013-11-30,CLE,2244,28.1
Joakim Noah,2013-11-27,DET,2010,24.5
Joakim Noah,2013-11-25,UTA,1953,25.6
Joakim Noah,2013-11-24,LAC,1348,14.8
Joakim Noah,2013-11-22,POR,1622,15.9
Joakim Noah,2013-11-21,DEN,1969,38.4
Joakim Noah,2013-11-18,CHA,2111,23.9
Joakim Noah,2013-11-16,IND,1918,24.4
Joakim Noah,2013-11-15,TOR,1993,32.3
Joakim Noah,2013-11-11,CLE,1630,24.7
Joakim Noah,2013-11-08,UTA,1497,26.1
Joakim Noah,2013-11-06,IND,1645,21.6
Joakim Noah,2013-11-02,PHI,1933,30.3
Joakim Noah,2013-10-31,NYK,2158,34.5
Andrea Bargnani,2013-12-01,NOP,2165,39.4
Andrea Bargnani,2013-11-29,DEN,2337,32
Andrea Bargnani,2013-11-27,LAC,2326,41.5
Andrea Bargnani,2013-11-25,POR,2609,28.7
Andrea Bargnani,2013-11-23,WAS,2002,24.3
Andrea Bargnani,2013-11-20,IND,2273,21.6
Andrea Bargnani,2013-11-19,DET,2278,25.2
Andrea Bargnani,2013-11-16,ATL,1705,31.8
Andrea Bargnani,2013-11-14,HOU,1978,30.8
Andrea Bargnani,2013-11-13,ATL,1859,37.2
Andrea Bargnani,2013-11-10,SAS,1561,16.2
Andrea Bargnani,2013-11-08,CHA,2088,48.1
Andrea Bargnani,2013-11-05,CHA,1382,7.4
Andrea Bargnani,2013-11-03,MIN,1126,16.6
Andrea Bargnani,2013-10-31,CHI,1478,8.7
Kosta Koufos,2013-12-03,PHO,1932,36.4
Kosta Koufos,2013-11-30,BRK,2387,33.2
Kosta Koufos,2013-11-27,BOS,2120,31.1
Kosta Koufos,2013-11-25,HOU,1846,29.6
Kosta Koufos,2013-11-22,SAS,1667,13.4
Kosta Koufos,2013-11-20,GSW,1276,20.6
Kosta Koufos,2013-11-18,LAC,1090,34.8
Kosta Koufos,2013-11-17,SAC,808,17.2
Kosta Koufos,2013-11-15,LAL,1123,12
Kosta Koufos,2013-11-13,TOR,483,3.8
Kosta Koufos,2013-11-11,IND,1327,7
Kosta Koufos,2013-11-09,GSW,1094,9.9
Kosta Koufos,2013-11-06,NOP,1032,13.1
Kosta Koufos,2013-11-04,BOS,757,10.4
Kosta Koufos,2013-11-02,DAL,1043,15.6
Chris Bosh,2013-12-03,DET,1922,21.2
Chris Bosh,2013-12-01,CHA,2077,33.8
Chris Bosh,2013-11-29,TOR,1228,12.5
Chris Bosh,2013-11-27,CLE,1813,23.4
Chris Bosh,2013-11-25,PHO,1642,11.8
Chris Bosh,2013-11-23,ORL,1879,26.2
Chris Bosh,2013-11-20,ORL,1439,28
Chris Bosh,2013-11-19,ATL,1499,29
Chris Bosh,2013-11-16,CHA,934,8.6
Chris Bosh,2013-11-15,DAL,1787,24.8
Chris Bosh,2013-11-12,MIL,1414,25.5
Chris Bosh,2013-11-09,BOS,1881,35.9
Chris Bosh,2013-11-07,LAC,1750,22.7
Chris Bosh,2013-11-03,WAS,1883,37.4
Chris Bosh,2013-11-01,BRK,2068,22.3
Raymond Felton,2013-12-01,NOP,2258,27.4
Raymond Felton,2013-11-29,DEN,2230,22.3
Raymond Felton,2013-11-27,LAC,2125,26.1
Raymond Felton,2013-11-16,ATL,2003,19.3
Raymond Felton,2013-11-14,HOU,2437,17.5
Raymond Felton,2013-11-13,ATL,1897,23.9
Raymond Felton,2013-11-10,SAS,1490,14
Raymond Felton,2013-11-08,CHA,2267,28.3
Raymond Felton,2013-11-05,CHA,2238,28.2
Raymond Felton,2013-11-03,MIN,2286,33.4
Raymond Felton,2013-10-31,CHI,2205,26.8
Raymond Felton,2013-10-30,MIL,2058,26.7
Raymond Felton,NULL,NULL,NULL,NULL
Raymond Felton,NULL,NULL,NULL,NULL
Raymond Felton,NULL,NULL,NULL,NULL
Joe Johnson,2013-12-03,DEN,1870,23.7
Joe Johnson,2013-11-30,MEM,2471,42
Joe Johnson,2013-11-29,HOU,980,7.6
Joe Johnson,2013-11-27,LAL,2192,28.3
Joe Johnson,2013-11-26,TOR,2324,32.2
Joe Johnson,2013-11-24,DET,2627,44.4
Joe Johnson,2013-11-22,MIN,1578,24.4
Joe Johnson,2013-11-20,CHA,2137,23.4
Joe Johnson,2013-11-18,POR,2276,21.3
Joe Johnson,2013-11-16,LAC,2057,23.6
Joe Johnson,2013-11-15,PHO,2687,18.5
Joe Johnson,2013-11-13,SAC,2173,13.9
Joe Johnson,2013-11-09,IND,1935,20.6
Joe Johnson,2013-11-08,WAS,2059,31.4
Joe Johnson,2013-11-05,UTA,1529,21.6
Jamal Crawford,2013-12-04,ATL,1824,15.5
Jamal Crawford,2013-12-01,IND,1978,25.2
Jamal Crawford,2013-11-29,SAC,2249,53.9
Jamal Crawford,2013-11-27,NYK,1509,19
Jamal Crawford,2013-11-24,CHI,1064,15.6
Jamal Crawford,2013-11-23,SAC,1582,15.6
Jamal Crawford,2013-11-21,OKC,1710,26.4
Jamal Crawford,2013-11-20,MIN,1884,18.1
Jamal Crawford,2013-11-18,MEM,1398,13.9
Jamal Crawford,2013-11-16,BRK,1246,19.4
Jamal Crawford,2013-11-13,OKC,1613,27.6
Jamal Crawford,2013-11-11,MIN,1847,26.4
Jamal Crawford,2013-11-09,HOU,1858,20.9
Jamal Crawford,2013-11-07,MIA,1769,17.7
Jamal Crawford,2013-11-06,ORL,1262,16.9
Jimmy Butler,2013-11-18,CHA,1332,24
Jimmy Butler,2013-11-16,IND,1478,16.9
Jimmy Butler,2013-11-15,TOR,2025,28.4
Jimmy Butler,2013-11-11,CLE,1447,14.4
Jimmy Butler,2013-11-08,UTA,1635,17.3
Jimmy Butler,2013-11-06,IND,1546,14.3
Jimmy Butler,2013-11-02,PHI,2341,26.2
Jimmy Butler,2013-10-31,NYK,2487,29.5
Jimmy Butler,2013-10-29,MIA,1795,38.1
Jimmy Butler,NULL,NULL,NULL,NULL
Jimmy Butler,NULL,NULL,NULL,NULL
Jimmy Butler,NULL,NULL,NULL,NULL
Jimmy Butler,NULL,NULL,NULL,NULL
Jimmy Butler,NULL,NULL,NULL,NULL
Jimmy Butler,NULL,NULL,NULL,NULL
Tyson Chandler,2013-11-05,CHA,395,7.9
Tyson Chandler,2013-11-03,MIN,1924,22.3
Tyson Chandler,2013-10-31,CHI,2164,40.8
Tyson Chandler,2013-10-30,MIL,1907,29.7
Tyson Chandler,NULL,NULL,NULL,NULL
Tyson Chandler,NULL,NULL,NULL,NULL
Tyson Chandler,NULL,NULL,NULL,NULL
Tyson Chandler,NULL,NULL,NULL,NULL
Tyson Chandler,NULL,NULL,NULL,NULL
Tyson Chandler,NULL,NULL,NULL,NULL
Tyson Chandler,NULL,NULL,NULL,NULL
Tyson Chandler,NULL,NULL,NULL,NULL
Tyson Chandler,NULL,NULL,NULL,NULL
Tyson Chandler,NULL,NULL,NULL,NULL
Tyson Chandler,NULL,NULL,NULL,NULL
Kevin Garnett,2013-12-03,DEN,1011,12.7
Kevin Garnett,2013-11-30,MEM,1679,22.5
Kevin Garnett,2013-11-27,LAL,1405,17.8
Kevin Garnett,2013-11-26,TOR,1468,27.2
Kevin Garnett,2013-11-24,DET,1353,19.3
Kevin Garnett,2013-11-22,MIN,1241,22.6
Kevin Garnett,2013-11-20,CHA,1265,22.1
Kevin Garnett,2013-11-18,POR,1463,31.6
Kevin Garnett,2013-11-15,PHO,1656,25.8
Kevin Garnett,2013-11-13,SAC,877,18.1
Kevin Garnett,2013-11-09,IND,1631,21.6
Kevin Garnett,2013-11-08,WAS,1437,20.2
Kevin Garnett,2013-11-05,UTA,816,9.3
Kevin Garnett,2013-11-03,ORL,1345,16.5
Kevin Garnett,2013-11-01,MIA,1548,16.4
Andray Blatche,2013-12-03,DEN,1444,22.7
Andray Blatche,2013-11-30,MEM,1291,35.1
Andray Blatche,2013-11-29,HOU,625,4.6
Andray Blatche,2013-11-27,LAL,1619,35.1
Andray Blatche,2013-11-26,TOR,1890,36
Andray Blatche,2013-11-24,DET,1543,18.8
Andray Blatche,2013-11-22,MIN,1303,16.8
Andray Blatche,2013-11-20,CHA,1732,34.9
Andray Blatche,2013-11-18,POR,1374,25.5
Andray Blatche,2013-11-16,LAC,2021,32.6
Andray Blatche,2013-11-15,PHO,1067,16.9
Andray Blatche,2013-11-13,SAC,887,11.5
Andray Blatche,2013-11-09,IND,1166,16
Andray Blatche,2013-11-08,WAS,1623,30.1
Andray Blatche,2013-11-05,UTA,1344,12.6
J.R. Smith,2013-12-01,NOP,2068,25.1
J.R. Smith,2013-11-29,DEN,1933,24.7
J.R. Smith,2013-11-27,LAC,1578,17
J.R. Smith,2013-11-25,POR,1476,14.3
J.R. Smith,2013-11-23,WAS,1823,19.6
J.R. Smith,2013-11-20,IND,2288,30
J.R. Smith,2013-11-19,DET,2052,21.2
J.R. Smith,2013-11-16,ATL,2188,13.5
J.R. Smith,2013-11-14,HOU,2330,38.6
J.R. Smith,2013-11-13,ATL,1977,23.9
J.R. Smith,2013-11-10,SAS,1233,9.9
J.R. Smith,NULL,NULL,NULL,NULL
J.R. Smith,NULL,NULL,NULL,NULL
J.R. Smith,NULL,NULL,NULL,NULL
J.R. Smith,NULL,NULL,NULL,NULL
Taj Gibson,2013-12-02,NOP,2667,52.8
Taj Gibson,2013-11-30,CLE,1440,26.8
Taj Gibson,2013-11-27,DET,1612,33.1
Taj Gibson,2013-11-25,UTA,1659,15
Taj Gibson,2013-11-24,LAC,1233,18.1
Taj Gibson,2013-11-22,POR,1582,13
Taj Gibson,2013-11-21,DEN,1405,16.6
Taj Gibson,2013-11-18,CHA,1191,7.4
Taj Gibson,2013-11-16,IND,1594,27.6
Taj Gibson,2013-11-15,TOR,1279,19.7
Taj Gibson,2013-11-11,CLE,1605,24.6
Taj Gibson,2013-11-08,UTA,1790,18.3
Taj Gibson,2013-11-06,IND,1403,19.7
Taj Gibson,2013-11-02,PHI,1435,22.4
Taj Gibson,2013-10-31,NYK,1245,11.8
Kirk Hinrich,2013-12-02,NOP,3188,37.7
Kirk Hinrich,2013-11-30,CLE,2097,22
Kirk Hinrich,2013-11-27,DET,2228,29.1
Kirk Hinrich,2013-11-25,UTA,2139,7.4
Kirk Hinrich,2013-11-24,LAC,1668,18.9
Kirk Hinrich,2013-11-22,POR,2018,27.9
Kirk Hinrich,2013-11-21,DEN,1863,15.8
Kirk Hinrich,2013-11-18,CHA,1536,20.1
Kirk Hinrich,2013-11-16,IND,1954,28.8
Kirk Hinrich,2013-11-15,TOR,2398,25.6
Kirk Hinrich,2013-11-11,CLE,1494,21.1
Kirk Hinrich,2013-11-08,UTA,1342,12.2
Kirk Hinrich,2013-11-06,IND,1856,22.1
Kirk Hinrich,2013-11-02,PHI,1172,20.2
Kirk Hinrich,2013-10-31,NYK,990,8.7
J.J. Redick,2013-11-29,SAC,1019,18.2
J.J. Redick,2013-11-27,NYK,1410,16.4
J.J. Redick,2013-11-24,CHI,1486,27.2
J.J. Redick,2013-11-23,SAC,1881,15.5
J.J. Redick,2013-11-21,OKC,1614,15.6
J.J. Redick,2013-11-20,MIN,1944,28.3
J.J. Redick,2013-11-18,MEM,1643,16.4
J.J. Redick,2013-11-16,BRK,1777,29.7
J.J. Redick,2013-11-13,OKC,1544,21.4
J.J. Redick,2013-11-11,MIN,1442,11.7
J.J. Redick,2013-11-09,HOU,2141,38
J.J. Redick,2013-11-07,MIA,1849,17.9
J.J. Redick,2013-11-06,ORL,1930,26.8
J.J. Redick,2013-11-04,HOU,1670,40.1
J.J. Redick,2013-11-01,SAC,1681,17
Tony Allen,2013-12-03,PHO,1416,23.6
Tony Allen,2013-11-30,BRK,1303,18.6
Tony Allen,2013-11-27,BOS,1630,23.4
Tony Allen,2013-11-25,HOU,1822,30.9
Tony Allen,2013-11-22,SAS,1689,23.8
Tony Allen,2013-11-18,LAC,609,8.2
Tony Allen,2013-11-17,SAC,1771,26
Tony Allen,2013-11-15,LAL,1337,24.2
Tony Allen,2013-11-13,TOR,1819,21.8
Tony Allen,2013-11-11,IND,1426,16.1
Tony Allen,2013-11-09,GSW,1392,17.4
Tony Allen,2013-11-06,NOP,1312,15.5
Tony Allen,2013-11-04,BOS,1781,21.3
Tony Allen,2013-11-02,DAL,1211,4.6
Tony Allen,2013-11-01,DET,2117,35.6
Mario Chalmers,2013-12-03,DET,1767,15.4
Mario Chalmers,2013-12-01,CHA,1984,28.8
Mario Chalmers,2013-11-29,TOR,1704,25.4
Mario Chalmers,2013-11-27,CLE,1819,8.6
Mario Chalmers,2013-11-23,ORL,1278,11.2
Mario Chalmers,2013-11-20,ORL,1673,26.6
Mario Chalmers,2013-11-19,ATL,1664,26.6
Mario Chalmers,2013-11-15,DAL,1456,10.9
Mario Chalmers,2013-11-12,MIL,1500,34.3
Mario Chalmers,2013-11-09,BOS,1740,17.9
Mario Chalmers,2013-11-07,LAC,1393,15.4
Mario Chalmers,2013-11-05,TOR,1672,22.3
Mario Chalmers,2013-11-03,WAS,1676,24.4
Mario Chalmers,2013-11-01,BRK,1911,18.7
Mario Chalmers,2013-10-30,PHI,1835,32
Mike Dunleavy,2013-12-02,NOP,2882,40.9
Mike Dunleavy,2013-11-30,CLE,1328,8.7
Mike Dunleavy,2013-11-27,DET,1095,7.4
Mike Dunleavy,2013-11-25,UTA,2135,9.9
Mike Dunleavy,2013-11-24,LAC,1770,18.9
Mike Dunleavy,2013-11-22,POR,1893,18.1
Mike Dunleavy,2013-11-21,DEN,1873,28
Mike Dunleavy,2013-11-18,CHA,1597,14
Mike Dunleavy,2013-11-16,IND,1402,16.8
Mike Dunleavy,2013-11-15,TOR,1704,10.4
Mike Dunleavy,2013-11-11,CLE,1433,23.8
Mike Dunleavy,2013-11-08,UTA,1318,12.9
Mike Dunleavy,2013-11-06,IND,1232,9.6
Mike Dunleavy,2013-11-02,PHI,984,14.8
Mike Dunleavy,2013-10-31,NYK,884,3.9
Andrei Kirilenko,2013-11-08,WAS,767,15.4
Andrei Kirilenko,2013-11-05,UTA,1013,11
Andrei Kirilenko,2013-11-03,ORL,671,10.3
Andrei Kirilenko,2013-11-01,MIA,706,10.9
Andrei Kirilenko,NULL,NULL,NULL,NULL
Andrei Kirilenko,NULL,NULL,NULL,NULL
Andrei Kirilenko,NULL,NULL,NULL,NULL
Andrei Kirilenko,NULL,NULL,NULL,NULL
Andrei Kirilenko,NULL,NULL,NULL,NULL
Andrei Kirilenko,NULL,NULL,NULL,NULL
Andrei Kirilenko,NULL,NULL,NULL,NULL
Andrei Kirilenko,NULL,NULL,NULL,NULL
Andrei Kirilenko,NULL,NULL,NULL,NULL
Andrei Kirilenko,NULL,NULL,NULL,NULL
Andrei Kirilenko,NULL,NULL,NULL,NULL
Ed Davis,2013-12-03,PHO,1951,39.9
Ed Davis,2013-11-30,BRK,1769,20.6
Ed Davis,2013-11-27,BOS,1451,26.9
Ed Davis,2013-11-25,HOU,935,18.3
Ed Davis,2013-11-22,SAS,934,12.8
Ed Davis,2013-11-17,SAC,142,0
Ed Davis,2013-11-13,TOR,1433,20
Ed Davis,2013-11-11,IND,1037,17.4
Ed Davis,2013-11-09,GSW,88,0
Ed Davis,2013-11-06,NOP,1456,16
Ed Davis,2013-11-04,BOS,463,5.6
Ed Davis,2013-11-02,DAL,355,6.7
Ed Davis,2013-11-01,DET,1011,6.6
Ed Davis,2013-10-30,SAS,474,3.6
Ed Davis,NULL,NULL,NULL,NULL
Paul Pierce,2013-11-29,HOU,894,14.4
Paul Pierce,2013-11-27,LAL,1990,22.7
Paul Pierce,2013-11-26,TOR,1893,24.8
Paul Pierce,2013-11-24,DET,1661,24.3
Paul Pierce,2013-11-22,MIN,1291,9.1
Paul Pierce,2013-11-20,CHA,2074,20.4
Paul Pierce,2013-11-18,POR,1934,17.6
Paul Pierce,2013-11-15,PHO,2457,17.8
Paul Pierce,2013-11-13,SAC,1747,23.3
Paul Pierce,2013-11-09,IND,1964,29.6
Paul Pierce,2013-11-08,WAS,1592,19.1
Paul Pierce,2013-11-05,UTA,1376,26
Paul Pierce,2013-11-03,ORL,1658,23.9
Paul Pierce,2013-11-01,MIA,1863,32
Paul Pierce,2013-10-30,CLE,1791,23.8
Alan Anderson,2013-12-03,DEN,1795,22.3
Alan Anderson,2013-11-30,MEM,1701,11.9
Alan Anderson,2013-11-29,HOU,1380,18.8
Alan Anderson,2013-11-27,LAL,2097,25.3
Alan Anderson,2013-11-26,TOR,1699,14.3
Alan Anderson,2013-11-24,DET,1590,15.8
Alan Anderson,2013-11-22,MIN,1588,17.6
Alan Anderson,2013-11-20,CHA,1727,22.2
Alan Anderson,2013-11-18,POR,1213,15.4
Alan Anderson,2013-11-16,LAC,1929,18.8
Alan Anderson,2013-11-15,PHO,682,5.7
Alan Anderson,2013-11-13,SAC,984,4.6
Alan Anderson,2013-11-09,IND,999,7.2
Alan Anderson,2013-11-08,WAS,910,12
Alan Anderson,2013-11-05,UTA,720,7.5
Iman Shumpert,2013-12-01,NOP,1283,16.4
Iman Shumpert,2013-11-29,DEN,1921,20.4
Iman Shumpert,2013-11-27,LAC,1472,7.6
Iman Shumpert,2013-11-25,POR,1396,0
Iman Shumpert,2013-11-23,WAS,1621,18.2
Iman Shumpert,2013-11-20,IND,2181,20.8
Iman Shumpert,2013-11-19,DET,2050,15.9
Iman Shumpert,2013-11-16,ATL,2012,23.9
Iman Shumpert,2013-11-14,HOU,1819,16.2
Iman Shumpert,2013-11-13,ATL,2092,35.7
Iman Shumpert,2013-11-10,SAS,1324,8.6
Iman Shumpert,2013-11-08,CHA,2324,20.4
Iman Shumpert,2013-11-05,CHA,1960,28
Iman Shumpert,2013-11-03,MIN,1538,19.7
Iman Shumpert,2013-10-31,CHI,1518,15.1
Kenyon Martin,2013-12-01,NOP,1044,17.6
Kenyon Martin,2013-11-29,DEN,833,9.9
Kenyon Martin,2013-11-27,LAC,1422,23.9
Kenyon Martin,2013-11-25,POR,1463,27
Kenyon Martin,2013-11-23,WAS,1493,18.9
Kenyon Martin,2013-11-20,IND,2284,21.8
Kenyon Martin,2013-11-19,DET,1738,19.4
Kenyon Martin,2013-11-16,ATL,1041,17.2
Kenyon Martin,2013-11-14,HOU,599,7.1
Kenyon Martin,2013-11-13,ATL,1006,7.1
Kenyon Martin,2013-11-08,CHA,606,2.7
Kenyon Martin,2013-11-05,CHA,1097,7.2
Kenyon Martin,2013-11-03,MIN,970,18.7
Kenyon Martin,2013-10-31,CHI,222,0
Kenyon Martin,2013-10-30,MIL,298,8.1
Ray Allen,2013-12-03,DET,1738,17.3
Ray Allen,2013-12-01,CHA,941,7
Ray Allen,2013-11-29,TOR,1416,10
Ray Allen,2013-11-27,CLE,1223,17.6
Ray Allen,2013-11-25,PHO,1529,26.1
Ray Allen,2013-11-23,ORL,1558,10.6
Ray Allen,2013-11-20,ORL,1199,7.4
Ray Allen,2013-11-19,ATL,1480,22.1
Ray Allen,2013-11-09,BOS,1467,13.3
Ray Allen,2013-11-07,LAC,1561,18.2
Ray Allen,2013-11-05,TOR,1774,21.8
Ray Allen,2013-11-03,WAS,1840,16.6
Ray Allen,2013-11-01,BRK,1748,21.8
Ray Allen,2013-10-30,PHI,1671,31.7
Ray Allen,2013-10-29,CHI,1579,21.7
Michael Beasley,2013-12-03,DET,1854,30.3
Michael Beasley,2013-12-01,CHA,883,14.4
Michael Beasley,2013-11-29,TOR,815,8.6
Michael Beasley,2013-11-27,CLE,1535,31.8
Michael Beasley,2013-11-25,PHO,1360,15.2
Michael Beasley,2013-11-23,ORL,463,11.6
Michael Beasley,2013-11-20,ORL,1237,22.4
Michael Beasley,2013-11-19,ATL,1038,13
Michael Beasley,2013-11-16,CHA,1399,21.1
Michael Beasley,2013-11-15,DAL,950,11.2
Michael Beasley,2013-11-12,MIL,1179,24.7
Michael Beasley,2013-11-09,BOS,496,9
Michael Beasley,2013-11-05,TOR,239,7
Michael Beasley,NULL,NULL,NULL,NULL
Michael Beasley,NULL,NULL,NULL,NULL
Shaun Livingston,2013-12-03,DEN,1108,13.8
Shaun Livingston,2013-11-30,MEM,1723,13.2
Shaun Livingston,2013-11-29,HOU,705,0
Shaun Livingston,2013-11-27,LAL,1491,13.9
Shaun Livingston,2013-11-26,TOR,1730,24.7
Shaun Livingston,2013-11-24,DET,2080,16.9
Shaun Livingston,2013-11-22,MIN,1441,5.6
Shaun Livingston,2013-11-20,CHA,1560,16.9
Shaun Livingston,2013-11-18,POR,1732,30.4
Shaun Livingston,2013-11-16,LAC,1963,25.5
Shaun Livingston,2013-11-15,PHO,2220,34.6
Shaun Livingston,2013-11-13,SAC,924,14.9
Shaun Livingston,2013-11-09,IND,916,9.2
Shaun Livingston,2013-11-08,WAS,1336,19.6
Shaun Livingston,2013-11-05,UTA,1416,20.1
Jon Leuer,2013-12-03,PHO,1792,40.3
Jon Leuer,2013-11-30,BRK,1414,12
Jon Leuer,2013-11-25,HOU,626,9.4
Jon Leuer,2013-11-13,TOR,162,1.2
Jon Leuer,2013-11-06,NOP,763,5.2
Jon Leuer,2013-11-04,BOS,411,5.5
Jon Leuer,2013-11-02,DAL,140,0
Jon Leuer,2013-10-30,SAS,589,4.6
Jon Leuer,NULL,NULL,NULL,NULL
Jon Leuer,NULL,NULL,NULL,NULL
Jon Leuer,NULL,NULL,NULL,NULL
Jon Leuer,NULL,NULL,NULL,NULL
Jon Leuer,NULL,NULL,NULL,NULL
Jon Leuer,NULL,NULL,NULL,NULL
Jon Leuer,NULL,NULL,NULL,NULL
Matt Barnes,2013-11-18,MEM,1385,16.9
Matt Barnes,2013-11-16,BRK,1422,8
Matt Barnes,2013-11-13,OKC,468,3.8
Matt Barnes,2013-11-11,MIN,1349,27.6
Matt Barnes,2013-11-04,HOU,897,6.6
Matt Barnes,2013-11-01,SAC,1310,22.1
Matt Barnes,2013-10-31,GSW,1078,9.6
Matt Barnes,2013-10-29,LAL,1708,20.7
Matt Barnes,NULL,NULL,NULL,NULL
Matt Barnes,NULL,NULL,NULL,NULL
Matt Barnes,NULL,NULL,NULL,NULL
Matt Barnes,NULL,NULL,NULL,NULL
Matt Barnes,NULL,NULL,NULL,NULL
Matt Barnes,NULL,NULL,NULL,NULL
Matt Barnes,NULL,NULL,NULL,NULL
Mirza Teletovic,2013-12-03,DEN,836,5.6
Mirza Teletovic,2013-11-30,MEM,897,12.7
Mirza Teletovic,2013-11-29,HOU,1926,34.6
Mirza Teletovic,2013-11-27,LAL,1258,29
Mirza Teletovic,2013-11-26,TOR,1275,5.5
Mirza Teletovic,2013-11-24,DET,858,8.2
Mirza Teletovic,2013-11-22,MIN,901,14.4
Mirza Teletovic,2013-11-16,LAC,605,5.9
Mirza Teletovic,2013-11-15,PHO,457,4.4
Mirza Teletovic,2013-11-13,SAC,138,0
Mirza Teletovic,2013-11-05,UTA,720,1.2
Mirza Teletovic,2013-11-03,ORL,418,6.2
Mirza Teletovic,NULL,NULL,NULL,NULL
Mirza Teletovic,NULL,NULL,NULL,NULL
Mirza Teletovic,NULL,NULL,NULL,NULL
Jared Dudley,2013-12-04,ATL,1763,12
Jared Dudley,2013-12-01,IND,1154,10
Jared Dudley,2013-11-29,SAC,2236,11.1
Jared Dudley,2013-11-27,NYK,2111,13.9
Jared Dudley,2013-11-24,CHI,1294,23.7
Jared Dudley,2013-11-23,SAC,1651,18.4
Jared Dudley,2013-11-21,OKC,2067,13.2
Jared Dudley,2013-11-20,MIN,1742,20.4
Jared Dudley,2013-11-18,MEM,1372,5.5
Jared Dudley,2013-11-16,BRK,1474,1.7
Jared Dudley,2013-11-13,OKC,1854,12.1
Jared Dudley,2013-11-11,MIN,1089,8.2
Jared Dudley,2013-11-09,HOU,1654,11.9
Jared Dudley,2013-11-07,MIA,1674,7.2
Jared Dudley,2013-11-06,ORL,1785,14.4
Tony Snell,2013-12-02,NOP,1338,10.2
Tony Snell,2013-11-30,CLE,2105,25.8
Tony Snell,2013-11-27,DET,2218,20.9
Tony Snell,2013-11-25,UTA,1542,9.2
Tony Snell,2013-11-24,LAC,1660,9.2
Tony Snell,2013-11-21,DEN,75,3.2
Tony Snell,2013-11-15,TOR,78,3.2
Tony Snell,2013-11-11,CLE,30,0
Tony Snell,2013-11-08,UTA,217,1.2
Tony Snell,2013-11-06,IND,65,1.2
Tony Snell,2013-10-29,MIA,403,1
Tony Snell,NULL,NULL,NULL,NULL
Tony Snell,NULL,NULL,NULL,NULL
Tony Snell,NULL,NULL,NULL,NULL
Tony Snell,NULL,NULL,NULL,NULL
Tayshaun Prince,2013-12-03,PHO,1855,14.4
Tayshaun Prince,2013-11-30,BRK,1398,0.2
Tayshaun Prince,2013-11-27,BOS,1910,14.3
Tayshaun Prince,2013-11-25,HOU,2093,21.2
Tayshaun Prince,2013-11-22,SAS,2143,19.8
Tayshaun Prince,2013-11-20,GSW,2277,17.1
Tayshaun Prince,2013-11-18,LAC,2146,12.4
Tayshaun Prince,2013-11-17,SAC,1883,23.8
Tayshaun Prince,2013-11-15,LAL,1659,20.7
Tayshaun Prince,2013-11-13,TOR,2059,17.6
Tayshaun Prince,2013-11-11,IND,1551,7.5
Tayshaun Prince,2013-11-09,GSW,2206,21.7
Tayshaun Prince,2013-11-06,NOP,1006,7.9
Tayshaun Prince,2013-11-04,BOS,1189,11.1
Tayshaun Prince,2013-11-02,DAL,1037,5.9
Darren Collison,2013-12-04,ATL,1384,21.1
Darren Collison,2013-12-01,IND,1412,17.5
Darren Collison,2013-11-29,SAC,2407,20.2
Darren Collison,2013-11-27,NYK,1333,17.6
Darren Collison,2013-11-24,CHI,1248,25.1
Darren Collison,2013-11-23,SAC,605,10
Darren Collison,2013-11-21,OKC,831,11.4
Darren Collison,2013-11-20,MIN,789,6.9
Darren Collison,2013-11-18,MEM,779,13.2
Darren Collison,2013-11-16,BRK,826,8.9
Darren Collison,2013-11-13,OKC,994,18.9
Darren Collison,2013-11-11,MIN,837,6.6
Darren Collison,2013-11-09,HOU,1435,22.9
Darren Collison,2013-11-07,MIA,686,6
Darren Collison,2013-11-06,ORL,850,6.1
Jerryd Bayless,2013-12-03,PHO,1256,16.5
Jerryd Bayless,2013-11-30,BRK,1073,13.2
Jerryd Bayless,2013-11-27,BOS,1263,26.1
Jerryd Bayless,2013-11-25,HOU,1058,4.4
Jerryd Bayless,2013-11-22,SAS,891,6.4
Jerryd Bayless,2013-11-20,GSW,1059,13.7
Jerryd Bayless,2013-11-18,LAC,1155,15
Jerryd Bayless,2013-11-17,SAC,978,9.4
Jerryd Bayless,2013-11-15,LAL,838,3.2
Jerryd Bayless,2013-11-13,TOR,730,1.2
Jerryd Bayless,2013-11-06,NOP,814,5.9
Jerryd Bayless,2013-11-04,BOS,1261,23.7
Jerryd Bayless,2013-11-02,DAL,1857,19.4
Jerryd Bayless,2013-11-01,DET,1048,14.9
Jerryd Bayless,2013-10-30,SAS,1320,13.3
Quincy Pondexter,2013-11-30,BRK,1260,21.5
Quincy Pondexter,2013-11-22,SAS,435,2.4
Quincy Pondexter,2013-11-20,GSW,1947,11.4
Quincy Pondexter,2013-11-18,LAC,1832,8.7
Quincy Pondexter,2013-11-17,SAC,876,10
Quincy Pondexter,2013-11-15,LAL,1221,12.7
Quincy Pondexter,2013-11-11,IND,431,3.2
Quincy Pondexter,2013-11-09,GSW,261,1.2
Quincy Pondexter,2013-11-06,NOP,1006,1.7
Quincy Pondexter,2013-11-04,BOS,1159,7.2
Quincy Pondexter,2013-11-02,DAL,812,5.4
Quincy Pondexter,2013-11-01,DET,1067,8.5
Quincy Pondexter,2013-10-30,SAS,1314,22.9
Quincy Pondexter,NULL,NULL,NULL,NULL
Quincy Pondexter,NULL,NULL,NULL,NULL
Beno Udrih,2013-11-29,DEN,326,1.7
Beno Udrih,2013-11-27,LAC,209,-0.5
Beno Udrih,2013-11-25,POR,1860,27.5
Beno Udrih,2013-11-23,WAS,1501,12.3
Beno Udrih,2013-11-20,IND,2270,32.6
Beno Udrih,2013-11-19,DET,1108,5.2
Beno Udrih,2013-11-10,SAS,1183,9.7
Beno Udrih,2013-11-08,CHA,236,1.5
Beno Udrih,2013-11-05,CHA,216,1.5
Beno Udrih,2013-10-30,MIL,633,4.2
Beno Udrih,NULL,NULL,NULL,NULL
Beno Udrih,NULL,NULL,NULL,NULL
Beno Udrih,NULL,NULL,NULL,NULL
Beno Udrih,NULL,NULL,NULL,NULL
Beno Udrih,NULL,NULL,NULL,NULL
Tim Hardaway,2013-12-01,NOP,1473,23
Tim Hardaway,2013-11-29,DEN,893,14.6
Tim Hardaway,2013-11-27,LAC,481,1
Tim Hardaway,2013-11-23,WAS,390,7.7
Tim Hardaway,2013-11-20,IND,243,2
Tim Hardaway,2013-11-19,DET,652,3.2
Tim Hardaway,2013-11-16,ATL,1305,14.7
Tim Hardaway,2013-11-14,HOU,829,11.2
Tim Hardaway,2013-11-13,ATL,918,18.4
Tim Hardaway,2013-11-10,SAS,1135,13.9
Tim Hardaway,2013-11-08,CHA,830,3
Tim Hardaway,2013-11-05,CHA,703,6.7
Tim Hardaway,2013-11-03,MIN,1496,7.7
Tim Hardaway,2013-10-31,CHI,1610,13.6
Tim Hardaway,2013-10-30,MIL,905,8
Tyshawn Taylor,2013-12-03,DEN,2059,17.4
Tyshawn Taylor,2013-11-30,MEM,1254,5
Tyshawn Taylor,2013-11-29,HOU,2175,34.6
Tyshawn Taylor,2013-11-27,LAL,873,4.2
Tyshawn Taylor,2013-11-26,TOR,1150,15.2
Tyshawn Taylor,2013-11-24,DET,713,6.5
Tyshawn Taylor,2013-11-22,MIN,1439,12.4
Tyshawn Taylor,2013-11-20,CHA,521,6.9
Tyshawn Taylor,2013-11-18,POR,668,4.2
Tyshawn Taylor,2013-11-16,LAC,917,22
Tyshawn Taylor,2013-11-15,PHO,121,4
Tyshawn Taylor,2013-11-13,SAC,138,1.5
Tyshawn Taylor,NULL,NULL,NULL,NULL
Tyshawn Taylor,NULL,NULL,NULL,NULL
Tyshawn Taylor,NULL,NULL,NULL,NULL
Norris Cole,2013-12-03,DET,1585,14.2
Norris Cole,2013-12-01,CHA,1379,14.1
Norris Cole,2013-11-29,TOR,1176,11.8
Norris Cole,2013-11-27,CLE,1231,12.7
Norris Cole,2013-11-25,PHO,2054,11.3
Norris Cole,2013-11-23,ORL,1602,13.4
Norris Cole,2013-11-20,ORL,1207,20.3
Norris Cole,2013-11-19,ATL,1511,27.5
Norris Cole,2013-11-16,CHA,2146,24.9
Norris Cole,2013-11-15,DAL,1585,15.2
Norris Cole,2013-11-12,MIL,1380,16.8
Norris Cole,2013-11-09,BOS,1140,11.2
Norris Cole,2013-11-07,LAC,1624,7.1
Norris Cole,2013-11-05,TOR,1208,14.6
Norris Cole,2013-11-03,WAS,1300,17.2
Mason Plumlee,2013-12-03,DEN,1067,6.4
Mason Plumlee,2013-11-30,MEM,914,11.4
Mason Plumlee,2013-11-29,HOU,1672,31.7
Mason Plumlee,2013-11-27,LAL,1255,20.8
Mason Plumlee,2013-11-26,TOR,971,11.4
Mason Plumlee,2013-11-24,DET,787,10.1
Mason Plumlee,2013-11-22,MIN,1393,9.8
Mason Plumlee,2013-11-20,CHA,1309,10.6
Mason Plumlee,2013-11-18,POR,966,10.8
Mason Plumlee,2013-11-16,LAC,1596,30.2
Mason Plumlee,2013-11-15,PHO,795,13.6
Mason Plumlee,2013-11-13,SAC,1069,9
Mason Plumlee,2013-11-09,IND,937,9.6
Mason Plumlee,2013-11-05,UTA,1045,7.8
Mason Plumlee,2013-11-03,ORL,170,2
Erik Murphy,2013-11-27,DET,100,0.2
Erik Murphy,2013-11-24,LAC,382,0
Erik Murphy,2013-11-21,DEN,76,0
Erik Murphy,2013-11-16,IND,22,0
Erik Murphy,2013-11-15,TOR,24,0
Erik Murphy,2013-11-08,UTA,217,3.4
Erik Murphy,2013-11-06,IND,65,0
Erik Murphy,NULL,NULL,NULL,NULL
Erik Murphy,NULL,NULL,NULL,NULL
Erik Murphy,NULL,NULL,NULL,NULL
Erik Murphy,NULL,NULL,NULL,NULL
Erik Murphy,NULL,NULL,NULL,NULL
Erik Murphy,NULL,NULL,NULL,NULL
Erik Murphy,NULL,NULL,NULL,NULL
Erik Murphy,NULL,NULL,NULL,NULL
Toure' Murry,2013-11-23,WAS,84,0
Toure' Murry,2013-11-16,ATL,203,0
Toure' Murry,2013-11-10,SAS,256,6.2
Toure' Murry,2013-11-08,CHA,89,1.2
Toure' Murry,NULL,NULL,NULL,NULL
Toure' Murry,NULL,NULL,NULL,NULL
Toure' Murry,NULL,NULL,NULL,NULL
Toure' Murry,NULL,NULL,NULL,NULL
Toure' Murry,NULL,NULL,NULL,NULL
Toure' Murry,NULL,NULL,NULL,NULL
Toure' Murry,NULL,NULL,NULL,NULL
Toure' Murry,NULL,NULL,NULL,NULL
Toure' Murry,NULL,NULL,NULL,NULL
Toure' Murry,NULL,NULL,NULL,NULL
Toure' Murry,NULL,NULL,NULL,NULL
Tornike Shengelia,2013-12-03,DEN,1059,13.4
Tornike Shengelia,2013-11-30,MEM,594,-0.8
Tornike Shengelia,2013-11-29,HOU,1637,16.9
Tornike Shengelia,2013-11-24,DET,253,1.2
Tornike Shengelia,2013-11-22,MIN,1303,3.6
Tornike Shengelia,2013-11-18,POR,43,0
Tornike Shengelia,2013-11-16,LAC,494,1.5
Tornike Shengelia,NULL,NULL,NULL,NULL
Tornike Shengelia,NULL,NULL,NULL,NULL
Tornike Shengelia,NULL,NULL,NULL,NULL
Tornike Shengelia,NULL,NULL,NULL,NULL
Tornike Shengelia,NULL,NULL,NULL,NULL
Tornike Shengelia,NULL,NULL,NULL,NULL
Tornike Shengelia,NULL,NULL,NULL,NULL
Tornike Shengelia,NULL,NULL,NULL,NULL
Pablo Prigioni,2013-12-01,NOP,622,10.1
Pablo Prigioni,2013-11-29,DEN,323,5.1
Pablo Prigioni,2013-11-27,LAC,546,7.3
Pablo Prigioni,2013-11-25,POR,1020,5.9
Pablo Prigioni,2013-11-23,WAS,1140,13.7
Pablo Prigioni,2013-11-20,IND,876,5.5
Pablo Prigioni,2013-11-19,DET,1380,27.5
Pablo Prigioni,2013-11-16,ATL,877,5
Pablo Prigioni,2013-11-14,HOU,443,0
Pablo Prigioni,2013-11-13,ATL,953,14.2
Pablo Prigioni,2013-11-10,SAS,910,7.2
Pablo Prigioni,2013-11-08,CHA,1291,17.6
Pablo Prigioni,2013-11-05,CHA,1110,8.9
Pablo Prigioni,2013-11-03,MIN,1183,8.2
Pablo Prigioni,2013-10-31,CHI,675,6.6
Nick Calathes,2013-12-03,PHO,668,4
Nick Calathes,2013-11-30,BRK,341,2.5
Nick Calathes,2013-11-27,BOS,905,13.5
Nick Calathes,2013-11-25,HOU,858,6.5
Nick Calathes,2013-11-20,GSW,216,0.2
Nick Calathes,2013-11-13,TOR,295,1.7
Nick Calathes,2013-11-11,IND,1511,16.4
Nick Calathes,2013-11-09,GSW,1360,11.9
Nick Calathes,2013-11-06,NOP,609,1
Nick Calathes,2013-11-02,DAL,364,3.2
Nick Calathes,2013-10-30,SAS,286,6.4
Nick Calathes,NULL,NULL,NULL,NULL
Nick Calathes,NULL,NULL,NULL,NULL
Nick Calathes,NULL,NULL,NULL,NULL
Nick Calathes,NULL,NULL,NULL,NULL
Jamaal Franklin,2013-12-03,PHO,453,5.9
Jamaal Franklin,2013-11-13,TOR,255,0.2
Jamaal Franklin,2013-11-11,IND,655,8.3
Jamaal Franklin,2013-11-09,GSW,185,1.2
Jamaal Franklin,2013-11-06,NOP,633,8.4
Jamaal Franklin,NULL,NULL,NULL,NULL
Jamaal Franklin,NULL,NULL,NULL,NULL
Jamaal Franklin,NULL,NULL,NULL,NULL
Jamaal Franklin,NULL,NULL,NULL,NULL
Jamaal Franklin,NULL,NULL,NULL,NULL
Jamaal Franklin,NULL,NULL,NULL,NULL
Jamaal Franklin,NULL,NULL,NULL,NULL
Jamaal Franklin,NULL,NULL,NULL,NULL
Jamaal Franklin,NULL,NULL,NULL,NULL
Jamaal Franklin,NULL,NULL,NULL,NULL
Maalik Wayns,NULL,NULL,NULL,NULL
Maalik Wayns,NULL,NULL,NULL,NULL
Maalik Wayns,NULL,NULL,NULL,NULL
Maalik Wayns,NULL,NULL,NULL,NULL
Maalik Wayns,NULL,NULL,NULL,NULL
Maalik Wayns,NULL,NULL,NULL,NULL
Maalik Wayns,NULL,NULL,NULL,NULL
Maalik Wayns,NULL,NULL,NULL,NULL
Maalik Wayns,NULL,NULL,NULL,NULL
Maalik Wayns,NULL,NULL,NULL,NULL
Maalik Wayns,NULL,NULL,NULL,NULL
Maalik Wayns,NULL,NULL,NULL,NULL
Maalik Wayns,NULL,NULL,NULL,NULL
Maalik Wayns,NULL,NULL,NULL,NULL
Maalik Wayns,NULL,NULL,NULL,NULL
Chris Smith,NULL,NULL,NULL,NULL
Chris Smith,NULL,NULL,NULL,NULL
Chris Smith,NULL,NULL,NULL,NULL
Chris Smith,NULL,NULL,NULL,NULL
Chris Smith,NULL,NULL,NULL,NULL
Chris Smith,NULL,NULL,NULL,NULL
Chris Smith,NULL,NULL,NULL,NULL
Chris Smith,NULL,NULL,NULL,NULL
Chris Smith,NULL,NULL,NULL,NULL
Chris Smith,NULL,NULL,NULL,NULL
Chris Smith,NULL,NULL,NULL,NULL
Chris Smith,NULL,NULL,NULL,NULL
Chris Smith,NULL,NULL,NULL,NULL
Chris Smith,NULL,NULL,NULL,NULL
Chris Smith,NULL,NULL,NULL,NULL
Reggie Bullock,2013-12-04,ATL,596,3.9
Reggie Bullock,2013-12-01,IND,1159,13.2
Reggie Bullock,2013-11-29,SAC,723,2.2
Reggie Bullock,2013-11-27,NYK,768,3.2
Reggie Bullock,2013-11-24,CHI,1565,12.3
Reggie Bullock,2013-11-23,SAC,816,4.4
Reggie Bullock,2013-11-21,OKC,1037,7.4
Reggie Bullock,2013-11-20,MIN,747,6.2
Reggie Bullock,2013-11-16,BRK,194,2.2
Reggie Bullock,2013-11-13,OKC,333,4.6
Reggie Bullock,2013-11-09,HOU,543,3.6
Reggie Bullock,2013-11-07,MIA,20,0
Reggie Bullock,2013-11-04,HOU,247,1.5
Reggie Bullock,2013-10-31,GSW,18,0
Reggie Bullock,2013-10-29,LAL,64,2
Marquis Teague,2013-12-02,NOP,6,0
Marquis Teague,2013-11-27,DET,652,2
Marquis Teague,2013-11-25,UTA,859,-1
Marquis Teague,2013-11-24,LAC,1212,4.1
Marquis Teague,2013-11-22,POR,509,5.5
Marquis Teague,2013-11-21,DEN,895,3
Marquis Teague,2013-11-15,TOR,482,4.4
Marquis Teague,2013-11-08,UTA,131,0.5
Marquis Teague,2013-11-06,IND,65,0
Marquis Teague,NULL,NULL,NULL,NULL
Marquis Teague,NULL,NULL,NULL,NULL
Marquis Teague,NULL,NULL,NULL,NULL
Marquis Teague,NULL,NULL,NULL,NULL
Marquis Teague,NULL,NULL,NULL,NULL
Marquis Teague,NULL,NULL,NULL,NULL
Amar'e Stoudemire,2013-12-01,NOP,826,3.4
Amar'e Stoudemire,2013-11-29,DEN,922,10.8
Amar'e Stoudemire,2013-11-27,LAC,1220,6.4
Amar'e Stoudemire,2013-11-25,POR,1491,20.2
Amar'e Stoudemire,2013-11-23,WAS,1297,20.3
Amar'e Stoudemire,2013-11-19,DET,907,13.5
Amar'e Stoudemire,2013-11-16,ATL,840,8.9
Amar'e Stoudemire,2013-11-14,HOU,303,1.2
Amar'e Stoudemire,2013-11-10,SAS,806,4.4
Amar'e Stoudemire,2013-11-08,CHA,508,9.9
Amar'e Stoudemire,2013-11-05,CHA,673,2.1
Amar'e Stoudemire,2013-10-31,CHI,640,6.7
Amar'e Stoudemire,NULL,NULL,NULL,NULL
Amar'e Stoudemire,NULL,NULL,NULL,NULL
Amar'e Stoudemire,NULL,NULL,NULL,NULL
Ryan Hollins,2013-12-04,ATL,817,2.2
Ryan Hollins,2013-12-01,IND,517,7.6
Ryan Hollins,2013-11-29,SAC,611,3
Ryan Hollins,2013-11-27,NYK,476,4.4
Ryan Hollins,2013-11-24,CHI,1276,8
Ryan Hollins,2013-11-23,SAC,519,8.8
Ryan Hollins,2013-11-21,OKC,624,10.8
Ryan Hollins,2013-11-20,MIN,1234,10.6
Ryan Hollins,2013-11-18,MEM,340,1
Ryan Hollins,2013-11-16,BRK,312,6.4
Ryan Hollins,2013-11-13,OKC,631,5.2
Ryan Hollins,2013-11-11,MIN,722,9.9
Ryan Hollins,2013-11-04,HOU,285,2
Ryan Hollins,2013-11-01,SAC,481,0.2
Ryan Hollins,2013-10-31,GSW,262,9.2
Rashard Lewis,2013-12-03,DET,762,14.7
Rashard Lewis,2013-12-01,CHA,371,2.4
Rashard Lewis,2013-11-29,TOR,1114,6.9
Rashard Lewis,2013-11-27,CLE,1330,11.7
Rashard Lewis,2013-11-25,PHO,464,1.4
Rashard Lewis,2013-11-23,ORL,1050,5.2
Rashard Lewis,2013-11-20,ORL,1491,10.9
Rashard Lewis,2013-11-19,ATL,1548,16.9
Rashard Lewis,2013-11-16,CHA,1995,18.8
Rashard Lewis,2013-11-15,DAL,1716,18.6
Rashard Lewis,2013-11-12,MIL,1415,16.1
Rashard Lewis,2013-11-09,BOS,834,5.2
Rashard Lewis,2013-11-07,LAC,456,7.6
Rashard Lewis,2013-11-05,TOR,1278,11.7
Rashard Lewis,2013-11-03,WAS,308,7.7
Willie Green,2013-12-04,ATL,1062,11
Willie Green,2013-12-01,IND,897,2
Willie Green,2013-11-29,SAC,907,1.2
Willie Green,2013-11-24,CHI,375,4.4
Willie Green,2013-11-09,HOU,253,2
Willie Green,2013-11-07,MIA,844,6
Willie Green,2013-11-06,ORL,752,5.6
Willie Green,NULL,NULL,NULL,NULL
Willie Green,NULL,NULL,NULL,NULL
Willie Green,NULL,NULL,NULL,NULL
Willie Green,NULL,NULL,NULL,NULL
Willie Green,NULL,NULL,NULL,NULL
Willie Green,NULL,NULL,NULL,NULL
Willie Green,NULL,NULL,NULL,NULL
Willie Green,NULL,NULL,NULL,NULL
Udonis Haslem,2013-11-29,TOR,524,2.2
Udonis Haslem,2013-11-20,ORL,355,8.2
Udonis Haslem,2013-11-19,ATL,473,8.4
Udonis Haslem,2013-11-07,LAC,899,6.4
Udonis Haslem,2013-11-05,TOR,1307,6
Udonis Haslem,2013-11-03,WAS,997,12.3
Udonis Haslem,2013-11-01,BRK,567,5.2
Udonis Haslem,2013-10-30,PHI,692,1
Udonis Haslem,2013-10-29,CHI,1288,6.6
Udonis Haslem,NULL,NULL,NULL,NULL
Udonis Haslem,NULL,NULL,NULL,NULL
Udonis Haslem,NULL,NULL,NULL,NULL
Udonis Haslem,NULL,NULL,NULL,NULL
Udonis Haslem,NULL,NULL,NULL,NULL
Udonis Haslem,NULL,NULL,NULL,NULL
Metta World Peace,2013-12-01,NOP,34,0
Metta World Peace,2013-11-29,DEN,267,3.5
Metta World Peace,2013-11-27,LAC,589,4.2
Metta World Peace,2013-11-25,POR,519,4.7
Metta World Peace,2013-11-23,WAS,601,9.6
Metta World Peace,2013-11-20,IND,974,3.5
Metta World Peace,2013-11-14,HOU,1033,7.6
Metta World Peace,2013-11-13,ATL,1281,7.2
Metta World Peace,2013-11-10,SAS,1906,23.5
Metta World Peace,2013-11-08,CHA,1717,19.6
Metta World Peace,2013-11-05,CHA,1949,29.7
Metta World Peace,2013-11-03,MIN,1233,25.8
Metta World Peace,2013-10-31,CHI,1367,17.9
Metta World Peace,2013-10-30,MIL,1077,9.8
Metta World Peace,NULL,NULL,NULL,NULL
Jason Terry,2013-11-20,CHA,265,3.5
Jason Terry,2013-11-18,POR,1087,8.9
Jason Terry,2013-11-16,LAC,1513,16.5
Jason Terry,2013-11-15,PHO,1093,5.5
Jason Terry,2013-11-13,SAC,1012,3.7
Jason Terry,2013-11-09,IND,962,1.4
Jason Terry,2013-11-08,WAS,1252,15.4
Jason Terry,2013-11-05,UTA,631,3
Jason Terry,2013-11-03,ORL,1311,10.9
Jason Terry,2013-11-01,MIA,1168,12.8
Jason Terry,2013-10-30,CLE,1143,16.5
Jason Terry,NULL,NULL,NULL,NULL
Jason Terry,NULL,NULL,NULL,NULL
Jason Terry,NULL,NULL,NULL,NULL
Jason Terry,NULL,NULL,NULL,NULL
Chris Andersen,2013-12-03,DET,958,16.3
Chris Andersen,2013-12-01,CHA,804,6
Chris Andersen,2013-11-29,TOR,1126,15.3
Chris Andersen,2013-11-27,CLE,1067,11
Chris Andersen,2013-11-25,PHO,1168,21.4
Chris Andersen,2013-11-23,ORL,1001,9.8
Chris Andersen,2013-11-20,ORL,1063,20
Chris Andersen,2013-11-19,ATL,760,7.6
Chris Andersen,2013-11-16,CHA,1432,24.9
Chris Andersen,2013-11-15,DAL,1093,12.4
Chris Andersen,2013-11-12,MIL,1140,21.4
Chris Andersen,2013-11-09,BOS,1000,17.8
Chris Andersen,2013-11-07,LAC,1130,15.1
Chris Andersen,2013-11-05,TOR,1039,7.6
Chris Andersen,2013-11-03,WAS,997,15
Shane Battier,2013-12-03,DET,926,8.4
Shane Battier,2013-12-01,CHA,1567,15.2
Shane Battier,2013-11-29,TOR,1042,3.4
Shane Battier,2013-11-25,PHO,960,11.2
Shane Battier,2013-11-23,ORL,1263,2
Shane Battier,2013-11-20,ORL,1500,15.8
Shane Battier,2013-11-19,ATL,1332,11
Shane Battier,2013-11-16,CHA,1481,14.6
Shane Battier,2013-11-15,DAL,1426,16
Shane Battier,2013-11-12,MIL,1611,14.8
Shane Battier,2013-11-09,BOS,1622,8.2
Shane Battier,2013-11-07,LAC,1324,11.7
Shane Battier,2013-11-05,TOR,1177,17.4
Shane Battier,2013-11-03,WAS,1226,4.2
Shane Battier,2013-11-01,BRK,881,6.3
Greg Oden,NULL,NULL,NULL,NULL
Greg Oden,NULL,NULL,NULL,NULL
Greg Oden,NULL,NULL,NULL,NULL
Greg Oden,NULL,NULL,NULL,NULL
Greg Oden,NULL,NULL,NULL,NULL
Greg Oden,NULL,NULL,NULL,NULL
Greg Oden,NULL,NULL,NULL,NULL
Greg Oden,NULL,NULL,NULL,NULL
Greg Oden,NULL,NULL,NULL,NULL
Greg Oden,NULL,NULL,NULL,NULL
Greg Oden,NULL,NULL,NULL,NULL
Greg Oden,NULL,NULL,NULL,NULL
Greg Oden,NULL,NULL,NULL,NULL
Greg Oden,NULL,NULL,NULL,NULL
Greg Oden,NULL,NULL,NULL,NULL
Roger Mason,2013-11-25,PHO,1089,6
Roger Mason,2013-11-20,ORL,291,4.5
Roger Mason,2013-11-19,ATL,148,3
Roger Mason,2013-11-16,CHA,1206,13.3
Roger Mason,2013-11-12,MIL,589,4.2
Roger Mason,2013-10-30,PHI,878,4
Roger Mason,NULL,NULL,NULL,NULL
Roger Mason,NULL,NULL,NULL,NULL
Roger Mason,NULL,NULL,NULL,NULL
Roger Mason,NULL,NULL,NULL,NULL
Roger Mason,NULL,NULL,NULL,NULL
Roger Mason,NULL,NULL,NULL,NULL
Roger Mason,NULL,NULL,NULL,NULL
Roger Mason,NULL,NULL,NULL,NULL
Roger Mason,NULL,NULL,NULL,NULL
Antawn Jamison,2013-12-04,ATL,573,2.4
Antawn Jamison,2013-12-01,IND,932,7.8
Antawn Jamison,2013-11-29,SAC,997,12.5
Antawn Jamison,2013-11-27,NYK,965,6.2
Antawn Jamison,2013-11-24,CHI,912,15.6
Antawn Jamison,NULL,NULL,NULL,NULL
Antawn Jamison,NULL,NULL,NULL,NULL
Antawn Jamison,NULL,NULL,NULL,NULL
Antawn Jamison,NULL,NULL,NULL,NULL
Antawn Jamison,NULL,NULL,NULL,NULL
Antawn Jamison,NULL,NULL,NULL,NULL
Antawn Jamison,NULL,NULL,NULL,NULL
Antawn Jamison,NULL,NULL,NULL,NULL
Antawn Jamison,NULL,NULL,NULL,NULL
Antawn Jamison,NULL,NULL,NULL,NULL
Nazr Mohammed,2013-12-02,NOP,280,1.4
Nazr Mohammed,2013-11-30,CLE,286,2.7
Nazr Mohammed,2013-11-27,DET,425,5.2
Nazr Mohammed,2013-11-25,UTA,263,0
Nazr Mohammed,2013-11-24,LAC,1273,17.2
Nazr Mohammed,2013-11-22,POR,1079,15.8
Nazr Mohammed,2013-11-21,DEN,487,1.2
Nazr Mohammed,2013-11-18,CHA,433,6.8
Nazr Mohammed,2013-11-16,IND,650,6.7
Nazr Mohammed,2013-11-15,TOR,404,7.2
Nazr Mohammed,2013-11-11,CLE,495,4.6
Nazr Mohammed,2013-11-08,UTA,817,12.1
Nazr Mohammed,2013-11-06,IND,802,5.4
Nazr Mohammed,2013-11-02,PHI,469,8.1
Nazr Mohammed,2013-10-31,NYK,263,-2
Byron Mullens,2013-12-04,ATL,148,2
Byron Mullens,2013-11-24,CHI,330,7.4
Byron Mullens,2013-11-23,SAC,391,3
Byron Mullens,2013-11-21,OKC,282,0
Byron Mullens,2013-11-18,MEM,823,10.4
Byron Mullens,2013-11-16,BRK,571,10.9
Byron Mullens,2013-11-13,OKC,303,7.3
Byron Mullens,2013-11-11,MIN,522,5.2
Byron Mullens,2013-11-09,HOU,96,1.2
Byron Mullens,2013-11-07,MIA,492,8.7
Byron Mullens,2013-11-06,ORL,688,0
Byron Mullens,2013-11-04,HOU,900,21.8
Byron Mullens,2013-11-01,SAC,912,5.6
Byron Mullens,2013-10-31,GSW,538,6.9
Byron Mullens,NULL,NULL,NULL,NULL
Mike James,2013-12-02,NOP,592,4.2
Mike James,2013-11-30,CLE,783,7.4
Mike James,2013-11-25,UTA,181,2.5
Mike James,2013-11-24,LAC,382,1.5
Mike James,2013-11-08,UTA,85,0
Mike James,2013-11-06,IND,65,0
Mike James,NULL,NULL,NULL,NULL
Mike James,NULL,NULL,NULL,NULL
Mike James,NULL,NULL,NULL,NULL
Mike James,NULL,NULL,NULL,NULL
Mike James,NULL,NULL,NULL,NULL
Mike James,NULL,NULL,NULL,NULL
Mike James,NULL,NULL,NULL,NULL
Mike James,NULL,NULL,NULL,NULL
Mike James,NULL,NULL,NULL,NULL
James Jones,2013-12-03,DET,670,1.5
James Jones,2013-11-25,PHO,79,0
James Jones,2013-11-20,ORL,1200,20.7
James Jones,2013-11-19,ATL,958,14.4
James Jones,2013-11-12,MIL,216,3
James Jones,NULL,NULL,NULL,NULL
James Jones,NULL,NULL,NULL,NULL
James Jones,NULL,NULL,NULL,NULL
James Jones,NULL,NULL,NULL,NULL
James Jones,NULL,NULL,NULL,NULL
James Jones,NULL,NULL,NULL,NULL
James Jones,NULL,NULL,NULL,NULL
James Jones,NULL,NULL,NULL,NULL
James Jones,NULL,NULL,NULL,NULL
James Jones,NULL,NULL,NULL,NULL
Reggie Evans,2013-12-03,DEN,877,8
Reggie Evans,2013-11-29,HOU,1121,14.4
Reggie Evans,2013-11-27,LAL,220,1.2
Reggie Evans,2013-11-24,DET,935,7
Reggie Evans,2013-11-22,MIN,922,5.6
Reggie Evans,2013-11-20,CHA,1010,3.6
Reggie Evans,2013-11-18,POR,1644,17.3
Reggie Evans,2013-11-16,LAC,1305,14.2
Reggie Evans,2013-11-15,PHO,222,4.4
Reggie Evans,2013-11-13,SAC,746,10.2
Reggie Evans,2013-11-08,WAS,849,1.4
Reggie Evans,2013-11-05,UTA,826,9.6
Reggie Evans,2013-11-03,ORL,532,6
Reggie Evans,2013-11-01,MIA,359,1.2
Reggie Evans,2013-10-30,CLE,949,14.6
Mike Miller,2013-12-03,PHO,865,0.2
Mike Miller,2013-11-30,BRK,1375,8.6
Mike Miller,2013-11-27,BOS,1034,9.6
Mike Miller,2013-11-25,HOU,1049,15.1
Mike Miller,2013-11-22,SAS,1399,4.4
Mike Miller,2013-11-20,GSW,1712,12.8
Mike Miller,2013-11-18,LAC,1173,11.1
Mike Miller,2013-11-17,SAC,1253,5.6
Mike Miller,2013-11-15,LAL,1546,13.2
Mike Miller,2013-11-13,TOR,1246,9
Mike Miller,2013-11-11,IND,1300,13.6
Mike Miller,2013-11-09,GSW,1716,31.8
Mike Miller,2013-11-06,NOP,1434,21.2
Mike Miller,2013-11-04,BOS,1403,13
Mike Miller,2013-11-02,DAL,1078,10.3
Joel Anthony,2013-11-25,PHO,70,0
Joel Anthony,2013-11-19,ATL,147,0.2
Joel Anthony,2013-11-16,CHA,514,5.2
Joel Anthony,2013-11-12,MIL,326,5.2
Joel Anthony,2013-11-05,TOR,534,4.4
Joel Anthony,2013-11-01,BRK,199,0
Joel Anthony,NULL,NULL,NULL,NULL
Joel Anthony,NULL,NULL,NULL,NULL
Joel Anthony,NULL,NULL,NULL,NULL
Joel Anthony,NULL,NULL,NULL,NULL
Joel Anthony,NULL,NULL,NULL,NULL
Joel Anthony,NULL,NULL,NULL,NULL
Joel Anthony,NULL,NULL,NULL,NULL
Joel Anthony,NULL,NULL,NULL,NULL
Joel Anthony,NULL,NULL,NULL,NULL
Cole Aldrich,2013-11-20,IND,2,0
Cole Aldrich,2013-11-16,ATL,202,4.4
Cole Aldrich,2013-11-13,ATL,15,0
Cole Aldrich,2013-11-10,SAS,513,14.9
Cole Aldrich,2013-11-08,CHA,89,-1
Cole Aldrich,NULL,NULL,NULL,NULL
Cole Aldrich,NULL,NULL,NULL,NULL
Cole Aldrich,NULL,NULL,NULL,NULL
Cole Aldrich,NULL,NULL,NULL,NULL
Cole Aldrich,NULL,NULL,NULL,NULL
Cole Aldrich,NULL,NULL,NULL,NULL
Cole Aldrich,NULL,NULL,NULL,NULL
Cole Aldrich,NULL,NULL,NULL,NULL
Cole Aldrich,NULL,NULL,NULL,NULL
Cole Aldrich,NULL,NULL,NULL,NULL
